predict_cluster_gmm,burger,fries,salad,shake,hour,store_1,store_2,store_3,store_4,store_5,store_6,store_7,store_8,store_9
0,3.1801150911349407,3.3823357923289477,0.20222070119400715,2.8256648160823383,18.74525312444546,1367.0,3078.0,1378.0,9126.0,1226.0,3268.0,9167.0,1674.0,9163.0
1,1.7367638205191769,1.7937812090519532,0.057017388532776145,0.3258490632857598,0.1880157240500053,871.0,11178.0,901.0,834.0,632.0,11209.0,801.0,905.0,906.0
2,0.34134793910137395,2.234280232702067,1.8929322936006931,0.11635103354375542,12.221066963733135,6370.0,1343.0,6433.0,1316.0,6279.0,1275.0,1329.0,6584.0,1387.0
